{
  "_meta": {
    "label": "CTRL31",
    "model": "gemini-3.1-pro-preview",
    "matcher": "gemini-2.5-pro",
    "runs_done": 5,
    "runs_target": 5,
    "sample": 120,
    "months": [
      "2026-03",
      "2026-04"
    ],
    "complete": true
  },
  "TTR": {
    "runs": [
      33.33333333333333,
      23.18840579710145,
      20.28985507246377,
      21.73913043478261,
      24.637681159420293
    ],
    "mean": 24.63768115942029,
    "stdev": 5.123962182511211,
    "ci95_half": 6.370385431353688,
    "audited_mean": 69
  },
  "Reopen": {
    "runs": [
      7.4074074074074066,
      7.4074074074074066,
      9.25925925925926,
      9.25925925925926,
      9.25925925925926
    ],
    "mean": 8.518518518518519,
    "stdev": 1.014301032416975,
    "ci95_half": 1.261033608321711,
    "audited_mean": 54
  },
  "Escalation": {
    "runs": [
      5.263157894736842,
      10.526315789473683,
      5.263157894736842,
      10.526315789473683,
      5.263157894736842
    ],
    "mean": 7.368421052631578,
    "stdev": 2.882750302658769,
    "ci95_half": 3.5839902552301233,
    "audited_mean": 19
  },
  "DSAT": {
    "runs": [
      0.0,
      0.0,
      0.0,
      0.0,
      0.0
    ],
    "mean": 0.0,
    "stdev": 0.0,
    "ci95_half": 0.0,
    "audited_mean": 7
  },
  "OVERALL": {
    "runs": [
      18.79194630872483,
      14.76510067114094,
      13.422818791946309,
      14.76510067114094,
      15.436241610738255
    ],
    "mean": 15.436241610738255,
    "stdev": 2.013422818791946,
    "ci95_half": 2.5031955613890258,
    "audited_mean": 149
  }
}