{
  "TTR": {
    "runs": [
      29.411764705882355,
      41.17647058823529,
      29.411764705882355
    ],
    "mean": 33.333333333333336,
    "stdev": 6.792356108113241,
    "ci95_half": 16.86274509803921
  },
  "Reopen": {
    "runs": [
      0.0,
      0.0,
      0.0
    ],
    "mean": 0.0,
    "stdev": 0.0,
    "ci95_half": 0.0
  }
}