{
  "TTR": {
    "runs": [
      11.76470588235294,
      11.76470588235294,
      11.76470588235294
    ],
    "mean": 11.76470588235294,
    "stdev": 0.0,
    "ci95_half": 0.0
  },
  "Reopen": {
    "runs": [
      0.0,
      0.0,
      0.0
    ],
    "mean": 0.0,
    "stdev": 0.0,
    "ci95_half": 0.0
  }
}