{
  "TTR": {
    "runs": [
      20.0,
      25.0,
      40.0
    ],
    "mean": 28.333333333333332,
    "stdev": 10.408329997330664,
    "ci95_half": 25.83978414082526
  }
}