{
  "TTR": {
    "runs": [
      12.903225806451612,
      12.903225806451612,
      3.225806451612903
    ],
    "mean": 9.677419354838708,
    "stdev": 5.587260669577023,
    "ci95_half": 13.870967741935482
  },
  "Reopen": {
    "runs": [
      13.333333333333334,
      6.666666666666667,
      13.333333333333334
    ],
    "mean": 11.11111111111111,
    "stdev": 3.8490017945975055,
    "ci95_half": 9.555555555555557
  }
}