{
  "_meta": {
    "label": "MA_NEW_Reopen",
    "model": "gemini-3.1-pro-preview",
    "matcher": "gemini-2.5-pro",
    "runs_done": 3,
    "runs_target": 3,
    "sample": 250,
    "months": [
      "2026-03",
      "2026-04"
    ],
    "complete": true
  },
  "Reopen": {
    "runs": [
      24.596774193548388,
      25.702811244979916,
      23.694779116465863
    ],
    "mean": 24.664788184998056,
    "stdev": 1.0057423549601836,
    "ci95_half": 2.4968621632981813,
    "audited_mean": 248.66666666666666
  },
  "OVERALL": {
    "runs": [
      24.596774193548388,
      25.702811244979916,
      23.694779116465863
    ],
    "mean": 24.664788184998056,
    "stdev": 1.0057423549601836,
    "ci95_half": 2.4968621632981813,
    "audited_mean": 248.66666666666666
  }
}