{
  "_meta": {
    "label": "MA_OLD_Escalation",
    "model": "gemini-3.1-pro-preview",
    "matcher": "gemini-2.5-pro",
    "runs_done": 3,
    "runs_target": 3,
    "sample": 211,
    "months": [
      "2026-03",
      "2026-04"
    ],
    "complete": true
  },
  "Escalation": {
    "runs": [
      16.33663366336634,
      15.763546798029557,
      15.346534653465346
    ],
    "mean": 15.815571704953747,
    "stdev": 0.49709551955040243,
    "ci95_half": 1.2340923977091414,
    "audited_mean": 202.33333333333334
  },
  "OVERALL": {
    "runs": [
      16.33663366336634,
      15.763546798029557,
      15.346534653465346
    ],
    "mean": 15.815571704953747,
    "stdev": 0.49709551955040243,
    "ci95_half": 1.2340923977091414,
    "audited_mean": 202.33333333333334
  }
}