{
  "_meta": {
    "label": "MA_SCOPED_Reopen",
    "model": "gemini-3.1-pro-preview",
    "matcher": "gemini-2.5-pro",
    "runs_done": 3,
    "runs_target": 3,
    "sample": 250,
    "months": [
      "2026-03",
      "2026-04"
    ],
    "complete": true
  },
  "Reopen": {
    "runs": [
      24.096385542168676,
      24.59016393442623,
      25.203252032520325
    ],
    "mean": 24.629933836371745,
    "stdev": 0.5545039140451682,
    "ci95_half": 1.3766148313749196,
    "audited_mean": 246.33333333333334
  },
  "OVERALL": {
    "runs": [
      24.096385542168676,
      24.59016393442623,
      25.203252032520325
    ],
    "mean": 24.629933836371745,
    "stdev": 0.5545039140451682,
    "ci95_half": 1.3766148313749196,
    "audited_mean": 246.33333333333334
  }
}