{
  "_meta": {
    "label": "MA_OLD_DSAT",
    "model": "gemini-3.1-pro-preview",
    "matcher": "gemini-2.5-pro",
    "runs_done": 3,
    "runs_target": 3,
    "sample": 53,
    "months": [
      "2026-03",
      "2026-04"
    ],
    "complete": true
  },
  "DSAT": {
    "runs": [
      15.686274509803921,
      23.52941176470588,
      21.568627450980394
    ],
    "mean": 20.26143790849673,
    "stdev": 4.081698038168888,
    "ci95_half": 10.133248682676571,
    "audited_mean": 51
  },
  "OVERALL": {
    "runs": [
      15.686274509803921,
      23.52941176470588,
      21.568627450980394
    ],
    "mean": 20.26143790849673,
    "stdev": 4.081698038168888,
    "ci95_half": 10.133248682676571,
    "audited_mean": 51
  }
}