{
  "_meta": {
    "label": "MA_NEW_DSAT",
    "model": "gemini-3.1-pro-preview",
    "matcher": "gemini-2.5-pro",
    "runs_done": 3,
    "runs_target": 3,
    "sample": 53,
    "months": [
      "2026-03",
      "2026-04"
    ],
    "complete": true
  },
  "DSAT": {
    "runs": [
      19.607843137254903,
      13.725490196078432,
      17.647058823529413
    ],
    "mean": 16.99346405228758,
    "stdev": 2.9951475130430327,
    "ci95_half": 7.435771658547543,
    "audited_mean": 51
  },
  "OVERALL": {
    "runs": [
      19.607843137254903,
      13.725490196078432,
      17.647058823529413
    ],
    "mean": 16.99346405228758,
    "stdev": 2.9951475130430327,
    "ci95_half": 7.435771658547543,
    "audited_mean": 51
  }
}