{
  "_meta": {
    "label": "MA_NEW_Escalation",
    "model": "gemini-3.1-pro-preview",
    "matcher": "gemini-2.5-pro",
    "runs_done": 3,
    "runs_target": 3,
    "sample": 211,
    "months": [
      "2026-03",
      "2026-04"
    ],
    "complete": true
  },
  "Escalation": {
    "runs": [
      12.935323383084576,
      12.935323383084576,
      11.881188118811881
    ],
    "mean": 12.583944961660345,
    "stdev": 0.6086052785901177,
    "ci95_half": 1.510927212124196,
    "audited_mean": 201.33333333333334
  },
  "OVERALL": {
    "runs": [
      12.935323383084576,
      12.935323383084576,
      11.881188118811881
    ],
    "mean": 12.583944961660345,
    "stdev": 0.6086052785901177,
    "ci95_half": 1.510927212124196,
    "audited_mean": 201.33333333333334
  }
}