{
  "TTR": {
    "runs": [
      16.176470588235293,
      16.176470588235293,
      NaN,
      NaN,
      NaN
    ],
    "mean": 16.176470588235293,
    "stdev": 0.0,
    "ci95_half": 0.0
  },
  "Reopen": {
    "runs": [
      17.391304347826086,
      14.492753623188406,
      NaN,
      NaN,
      NaN
    ],
    "mean": 15.942028985507246,
    "stdev": 2.0495848730044846,
    "ci95_half": 18.420289855072454
  }
}