{
  "_meta": {
    "label": "P3R_OLD",
    "model": "gemini-3.1-pro-preview",
    "matcher": "gemini-2.5-pro",
    "runs_done": 4,
    "runs_target": 4,
    "sample": 120,
    "months": [
      "2026-04"
    ],
    "complete": true
  },
  "Reopen": {
    "runs": [
      22.689075630252102,
      21.666666666666668,
      23.333333333333332,
      23.333333333333332
    ],
    "mean": 22.75560224089636,
    "stdev": 0.7869250080923842,
    "ci95_half": 1.251210762866891,
    "audited_mean": 119.75
  },
  "OVERALL": {
    "runs": [
      22.689075630252102,
      21.666666666666668,
      23.333333333333332,
      23.333333333333332
    ],
    "mean": 22.75560224089636,
    "stdev": 0.7869250080923842,
    "ci95_half": 1.251210762866891,
    "audited_mean": 119.75
  }
}