{
  "_meta": {
    "label": "P3T_OLD",
    "model": "gemini-3.1-pro-preview",
    "matcher": "gemini-2.5-pro",
    "runs_done": 4,
    "runs_target": 4,
    "sample": 120,
    "months": [
      "2026-04"
    ],
    "complete": true
  },
  "TTR": {
    "runs": [
      21.666666666666668,
      25.833333333333336,
      22.5,
      24.166666666666668
    ],
    "mean": 23.541666666666668,
    "stdev": 1.847796485506955,
    "ci95_half": 2.9379964119560587,
    "audited_mean": 120
  },
  "OVERALL": {
    "runs": [
      21.666666666666668,
      25.833333333333336,
      22.5,
      24.166666666666668
    ],
    "mean": 23.541666666666668,
    "stdev": 1.847796485506955,
    "ci95_half": 2.9379964119560587,
    "audited_mean": 120
  }
}