{
  "_meta": {
    "label": "P3NEW",
    "model": "gemini-3.1-pro-preview",
    "matcher": "gemini-2.5-pro",
    "runs_done": 3,
    "runs_target": 3,
    "sample": 120,
    "months": [
      "2026-04"
    ],
    "complete": true
  },
  "Reopen": {
    "runs": [
      23.52941176470588,
      21.568627450980394,
      25.49019607843137
    ],
    "mean": 23.52941176470588,
    "stdev": 1.9607843137254886,
    "ci95_half": 4.867855210814488,
    "audited_mean": 51
  },
  "TTR": {
    "runs": [
      27.380952380952383,
      23.809523809523807,
      30.952380952380953
    ],
    "mean": 27.38095238095238,
    "stdev": 3.571428571428573,
    "ci95_half": 8.86645056255497,
    "audited_mean": 84
  },
  "Escalation": {
    "runs": [
      15.384615384615385,
      23.076923076923077,
      15.384615384615385
    ],
    "mean": 17.94871794871795,
    "stdev": 4.441155916843274,
    "ci95_half": 11.025641025641026,
    "audited_mean": 13
  },
  "DSAT": {
    "runs": [
      0.0,
      0.0,
      0.0
    ],
    "mean": 0.0,
    "stdev": 0.0,
    "ci95_half": 0.0,
    "audited_mean": 2
  },
  "OVERALL": {
    "runs": [
      24.666666666666668,
      22.666666666666664,
      27.333333333333332
    ],
    "mean": 24.88888888888889,
    "stdev": 2.3412563895228313,
    "ci95_half": 5.8124175289516335,
    "audited_mean": 150
  }
}