{
  "TTR": {
    "runs": [
      16.129032258064516,
      19.35483870967742,
      12.903225806451612
    ],
    "mean": 16.129032258064516,
    "stdev": 3.225806451612904,
    "ci95_half": 8.008406959727068
  },
  "Reopen": {
    "runs": [
      20.0,
      13.333333333333334,
      6.666666666666667
    ],
    "mean": 13.333333333333334,
    "stdev": 6.666666666666667,
    "ci95_half": 16.550707716769274
  }
}