{
  "_meta": {
    "label": "P3OLD",
    "model": "gemini-3.1-pro-preview",
    "matcher": "gemini-2.5-pro",
    "runs_done": 3,
    "runs_target": 3,
    "sample": 120,
    "months": [
      "2026-04"
    ],
    "complete": true
  },
  "Reopen": {
    "runs": [
      25.49019607843137,
      31.372549019607842,
      25.49019607843137
    ],
    "mean": 27.45098039215686,
    "stdev": 3.396178054056622,
    "ci95_half": 8.431372549019608,
    "audited_mean": 51
  },
  "TTR": {
    "runs": [
      22.61904761904762,
      22.61904761904762,
      23.809523809523807
    ],
    "mean": 23.015873015873016,
    "stdev": 0.6873217490352663,
    "ci95_half": 1.7063492063492003,
    "audited_mean": 84
  },
  "Escalation": {
    "runs": [
      23.076923076923077,
      23.076923076923077,
      15.384615384615385
    ],
    "mean": 20.51282051282051,
    "stdev": 4.441155916843274,
    "ci95_half": 11.025641025641026,
    "audited_mean": 13
  },
  "DSAT": {
    "runs": [
      0.0,
      0.0,
      0.0
    ],
    "mean": 0.0,
    "stdev": 0.0,
    "ci95_half": 0.0,
    "audited_mean": 2
  },
  "OVERALL": {
    "runs": [
      23.333333333333332,
      25.333333333333336,
      23.333333333333332
    ],
    "mean": 24.0,
    "stdev": 1.1547005383792537,
    "ci95_half": 2.8666666666666725,
    "audited_mean": 150
  }
}