{
  "_meta": {
    "label": "P3R_NEW",
    "model": "gemini-3.1-pro-preview",
    "matcher": "gemini-2.5-pro",
    "runs_done": 5,
    "runs_target": 5,
    "sample": 120,
    "months": [
      "2026-04"
    ],
    "complete": true
  },
  "Reopen": {
    "runs": [
      32.20338983050847,
      25.833333333333336,
      30.252100840336134,
      28.333333333333332,
      28.333333333333332
    ],
    "mean": 28.991098134168922,
    "stdev": 2.384624360940619,
    "ci95_half": 2.964693287557061,
    "audited_mean": 119.4
  },
  "OVERALL": {
    "runs": [
      32.20338983050847,
      25.833333333333336,
      30.252100840336134,
      28.333333333333332,
      28.333333333333332
    ],
    "mean": 28.991098134168922,
    "stdev": 2.384624360940619,
    "ci95_half": 2.964693287557061,
    "audited_mean": 119.4
  }
}