{
  "_meta": {
    "label": "P3T_NEW",
    "model": "gemini-3.1-pro-preview",
    "matcher": "gemini-2.5-pro",
    "runs_done": 4,
    "runs_target": 4,
    "sample": 120,
    "months": [
      "2026-04"
    ],
    "complete": true
  },
  "TTR": {
    "runs": [
      30.833333333333336,
      21.666666666666668,
      22.5,
      23.333333333333332
    ],
    "mean": 24.583333333333336,
    "stdev": 4.221856709325185,
    "ci95_half": 6.712752167827045,
    "audited_mean": 120
  },
  "OVERALL": {
    "runs": [
      30.833333333333336,
      21.666666666666668,
      22.5,
      23.333333333333332
    ],
    "mean": 24.583333333333336,
    "stdev": 4.221856709325185,
    "ci95_half": 6.712752167827045,
    "audited_mean": 120
  }
}