{
  "_meta": {
    "label": "REOPEN_OLD",
    "model": "gemini-3.1-pro-preview",
    "matcher": "gemini-2.5-pro",
    "runs_done": 3,
    "runs_target": 3,
    "sample": 120,
    "months": [
      "2026-03",
      "2026-04"
    ],
    "complete": true
  },
  "Reopen": {
    "runs": [
      20.833333333333336,
      20.833333333333336,
      18.333333333333332
    ],
    "mean": 20.0,
    "stdev": 1.4433756729740665,
    "ci95_half": 3.583333333333339,
    "audited_mean": 120
  },
  "OVERALL": {
    "runs": [
      20.833333333333336,
      20.833333333333336,
      18.333333333333332
    ],
    "mean": 20.0,
    "stdev": 1.4433756729740665,
    "ci95_half": 3.583333333333339,
    "audited_mean": 120
  }
}