{
  "_meta": {
    "label": "V2_31",
    "model": "gemini-3.1-pro-preview",
    "matcher": "gemini-2.5-pro",
    "runs_done": 5,
    "runs_target": 5,
    "sample": 120,
    "months": [
      "2026-03",
      "2026-04"
    ],
    "complete": true
  },
  "TTR": {
    "runs": [
      30.434782608695656,
      30.434782608695656,
      27.536231884057973,
      26.08695652173913,
      30.434782608695656
    ],
    "mean": 28.985507246376812,
    "stdev": 2.0495848730044877,
    "ci95_half": 2.548154172541479,
    "audited_mean": 69
  },
  "Reopen": {
    "runs": [
      16.666666666666664,
      14.814814814814813,
      16.666666666666664,
      12.962962962962962,
      18.51851851851852
    ],
    "mean": 15.925925925925924,
    "stdev": 2.1114359724058116,
    "ci95_half": 2.625050786627397,
    "audited_mean": 54
  },
  "Escalation": {
    "runs": [
      26.31578947368421,
      21.052631578947366,
      21.052631578947366,
      21.052631578947366,
      15.789473684210526
    ],
    "mean": 21.052631578947366,
    "stdev": 3.721614637823934,
    "ci95_half": 4.626911523825312,
    "audited_mean": 19
  },
  "DSAT": {
    "runs": [
      14.285714285714285,
      14.285714285714285,
      0.0,
      14.285714285714285,
      14.285714285714285
    ],
    "mean": 11.428571428571427,
    "stdev": 6.3887656499993986,
    "ci95_half": 7.942857142857142,
    "audited_mean": 7
  },
  "OVERALL": {
    "runs": [
      24.161073825503358,
      22.818791946308725,
      21.476510067114095,
      20.13422818791946,
      23.48993288590604
    ],
    "mean": 22.416107382550337,
    "stdev": 1.6163214199721212,
    "ci95_half": 2.0094977401119367,
    "audited_mean": 149
  }
}