{
  "all": {
    "n_cases": 35,
    "per_dim": {
      "Accuracy": {
        "tp": 2,
        "fp": 2,
        "fn": 12,
        "precision": 0.5,
        "recall": 0.14285714285714285,
        "f1": 0.22222222222222224,
        "l3_classification_acc": 0.5,
        "l3_classified_of": 2
      },
      "Completeness": {
        "tp": 3,
        "fp": 6,
        "fn": 2,
        "precision": 0.3333333333333333,
        "recall": 0.6,
        "f1": 0.42857142857142855,
        "l3_classification_acc": 1.0,
        "l3_classified_of": 3
      },
      "Relevance": {
        "tp": 2,
        "fp": 4,
        "fn": 3,
        "precision": 0.3333333333333333,
        "recall": 0.4,
        "f1": 0.3636363636363636,
        "l3_classification_acc": 0.5,
        "l3_classified_of": 2
      },
      "Communication Skills": {
        "tp": 3,
        "fp": 10,
        "fn": 4,
        "precision": 0.23076923076923078,
        "recall": 0.42857142857142855,
        "f1": 0.3,
        "l3_classification_acc": 1.0,
        "l3_classified_of": 3
      },
      "Responsiveness": {
        "tp": 3,
        "fp": 1,
        "fn": 3,
        "precision": 0.75,
        "recall": 0.5,
        "f1": 0.6,
        "l3_classification_acc": 1.0,
        "l3_classified_of": 3
      }
    },
    "overall": {
      "tp": 13,
      "fp": 23,
      "fn": 24,
      "precision": 0.3611111111111111,
      "recall": 0.35135135135135137,
      "f1": 0.3561643835616438,
      "l3_classification_acc": 0.8461538461538461,
      "l3_classified_of": 13
    }
  },
  "critical_only": {
    "n_cases": 23,
    "per_dim": {
      "Accuracy": {
        "tp": 2,
        "fp": 0,
        "fn": 12,
        "precision": 1.0,
        "recall": 0.14285714285714285,
        "f1": 0.25,
        "l3_classification_acc": 0.5,
        "l3_classified_of": 2
      },
      "Completeness": {
        "tp": 3,
        "fp": 4,
        "fn": 2,
        "precision": 0.42857142857142855,
        "recall": 0.6,
        "f1": 0.5,
        "l3_classification_acc": 1.0,
        "l3_classified_of": 3
      },
      "Relevance": {
        "tp": 2,
        "fp": 3,
        "fn": 3,
        "precision": 0.4,
        "recall": 0.4,
        "f1": 0.4000000000000001,
        "l3_classification_acc": 0.5,
        "l3_classified_of": 2
      },
      "Communication Skills": {
        "tp": 1,
        "fp": 9,
        "fn": 0,
        "precision": 0.1,
        "recall": 1.0,
        "f1": 0.18181818181818182,
        "l3_classification_acc": 1.0,
        "l3_classified_of": 1
      },
      "Responsiveness": {
        "tp": 0,
        "fp": 1,
        "fn": 0,
        "precision": 0.0,
        "recall": NaN,
        "f1": NaN,
        "l3_classification_acc": NaN,
        "l3_classified_of": 0
      }
    },
    "overall": {
      "tp": 8,
      "fp": 17,
      "fn": 17,
      "precision": 0.32,
      "recall": 0.32,
      "f1": 0.32,
      "l3_classification_acc": 0.75,
      "l3_classified_of": 8
    }
  }
}