{
  "all": {
    "n_cases": 85,
    "per_dim": {
      "Accuracy": {
        "tp": 10,
        "fp": 13,
        "fn": 14,
        "precision": 0.43478260869565216,
        "recall": 0.4166666666666667,
        "f1": 0.425531914893617,
        "l3_classification_acc": 0.5,
        "l3_classified_of": 10
      },
      "Completeness": {
        "tp": 8,
        "fp": 41,
        "fn": 3,
        "precision": 0.16326530612244897,
        "recall": 0.7272727272727273,
        "f1": 0.26666666666666666,
        "l3_classification_acc": 0.75,
        "l3_classified_of": 8
      },
      "Relevance": {
        "tp": 4,
        "fp": 16,
        "fn": 7,
        "precision": 0.2,
        "recall": 0.36363636363636365,
        "f1": 0.25806451612903225,
        "l3_classification_acc": 0.75,
        "l3_classified_of": 4
      },
      "Communication Skills": {
        "tp": 15,
        "fp": 31,
        "fn": 20,
        "precision": 0.32608695652173914,
        "recall": 0.42857142857142855,
        "f1": 0.37037037037037035,
        "l3_classification_acc": 0.4666666666666667,
        "l3_classified_of": 15
      },
      "Responsiveness": {
        "tp": 3,
        "fp": 1,
        "fn": 4,
        "precision": 0.75,
        "recall": 0.42857142857142855,
        "f1": 0.5454545454545454,
        "l3_classification_acc": 1.0,
        "l3_classified_of": 3
      }
    },
    "overall": {
      "tp": 40,
      "fp": 102,
      "fn": 48,
      "precision": 0.28169014084507044,
      "recall": 0.45454545454545453,
      "f1": 0.34782608695652173,
      "l3_classification_acc": 0.6,
      "l3_classified_of": 40
    }
  },
  "critical_only": {
    "n_cases": 45,
    "per_dim": {
      "Accuracy": {
        "tp": 10,
        "fp": 3,
        "fn": 14,
        "precision": 0.7692307692307693,
        "recall": 0.4166666666666667,
        "f1": 0.5405405405405406,
        "l3_classification_acc": 0.5,
        "l3_classified_of": 10
      },
      "Completeness": {
        "tp": 8,
        "fp": 22,
        "fn": 3,
        "precision": 0.26666666666666666,
        "recall": 0.7272727272727273,
        "f1": 0.3902439024390244,
        "l3_classification_acc": 0.75,
        "l3_classified_of": 8
      },
      "Relevance": {
        "tp": 4,
        "fp": 8,
        "fn": 7,
        "precision": 0.3333333333333333,
        "recall": 0.36363636363636365,
        "f1": 0.34782608695652173,
        "l3_classification_acc": 0.75,
        "l3_classified_of": 4
      },
      "Communication Skills": {
        "tp": 2,
        "fp": 28,
        "fn": 0,
        "precision": 0.06666666666666667,
        "recall": 1.0,
        "f1": 0.125,
        "l3_classification_acc": 1.0,
        "l3_classified_of": 2
      },
      "Responsiveness": {
        "tp": 0,
        "fp": 1,
        "fn": 0,
        "precision": 0.0,
        "recall": NaN,
        "f1": NaN,
        "l3_classification_acc": NaN,
        "l3_classified_of": 0
      }
    },
    "overall": {
      "tp": 24,
      "fp": 62,
      "fn": 24,
      "precision": 0.27906976744186046,
      "recall": 0.5,
      "f1": 0.3582089552238806,
      "l3_classification_acc": 0.6666666666666666,
      "l3_classified_of": 24
    }
  }
}