{
  "all": {
    "n_cases": 35,
    "per_dim": {
      "Accuracy": {
        "tp": 2,
        "fp": 3,
        "fn": 12,
        "precision": 0.4,
        "recall": 0.14285714285714285,
        "f1": 0.21052631578947364,
        "l3_classification_acc": 0.5,
        "l3_classified_of": 2
      },
      "Completeness": {
        "tp": 5,
        "fp": 18,
        "fn": 0,
        "precision": 0.21739130434782608,
        "recall": 1.0,
        "f1": 0.3571428571428571,
        "l3_classification_acc": 0.8,
        "l3_classified_of": 5
      },
      "Relevance": {
        "tp": 3,
        "fp": 3,
        "fn": 2,
        "precision": 0.5,
        "recall": 0.6,
        "f1": 0.5454545454545454,
        "l3_classification_acc": 0.6666666666666666,
        "l3_classified_of": 3
      },
      "Communication Skills": {
        "tp": 6,
        "fp": 12,
        "fn": 1,
        "precision": 0.3333333333333333,
        "recall": 0.8571428571428571,
        "f1": 0.48,
        "l3_classification_acc": 0.5,
        "l3_classified_of": 6
      },
      "Responsiveness": {
        "tp": 3,
        "fp": 1,
        "fn": 3,
        "precision": 0.75,
        "recall": 0.5,
        "f1": 0.6,
        "l3_classification_acc": 1.0,
        "l3_classified_of": 3
      }
    },
    "overall": {
      "tp": 19,
      "fp": 37,
      "fn": 18,
      "precision": 0.3392857142857143,
      "recall": 0.5135135135135135,
      "f1": 0.40860215053763443,
      "l3_classification_acc": 0.6842105263157895,
      "l3_classified_of": 19
    }
  },
  "critical_only": {
    "n_cases": 23,
    "per_dim": {
      "Accuracy": {
        "tp": 2,
        "fp": 1,
        "fn": 12,
        "precision": 0.6666666666666666,
        "recall": 0.14285714285714285,
        "f1": 0.23529411764705882,
        "l3_classification_acc": 0.5,
        "l3_classified_of": 2
      },
      "Completeness": {
        "tp": 5,
        "fp": 10,
        "fn": 0,
        "precision": 0.3333333333333333,
        "recall": 1.0,
        "f1": 0.5,
        "l3_classification_acc": 0.8,
        "l3_classified_of": 5
      },
      "Relevance": {
        "tp": 3,
        "fp": 2,
        "fn": 2,
        "precision": 0.6,
        "recall": 0.6,
        "f1": 0.6,
        "l3_classification_acc": 0.6666666666666666,
        "l3_classified_of": 3
      },
      "Communication Skills": {
        "tp": 1,
        "fp": 10,
        "fn": 0,
        "precision": 0.09090909090909091,
        "recall": 1.0,
        "f1": 0.16666666666666669,
        "l3_classification_acc": 1.0,
        "l3_classified_of": 1
      },
      "Responsiveness": {
        "tp": 0,
        "fp": 1,
        "fn": 0,
        "precision": 0.0,
        "recall": NaN,
        "f1": NaN,
        "l3_classification_acc": NaN,
        "l3_classified_of": 0
      }
    },
    "overall": {
      "tp": 11,
      "fp": 24,
      "fn": 14,
      "precision": 0.3142857142857143,
      "recall": 0.44,
      "f1": 0.3666666666666667,
      "l3_classification_acc": 0.7272727272727273,
      "l3_classified_of": 11
    }
  }
}