{
  "all": {
    "n_cases": 35,
    "per_dim": {
      "Accuracy": {
        "tp": 3,
        "fp": 2,
        "fn": 11,
        "precision": 0.6,
        "recall": 0.21428571428571427,
        "f1": 0.3157894736842105,
        "l3_classification_acc": 0.6666666666666666,
        "l3_classified_of": 3
      },
      "Completeness": {
        "tp": 4,
        "fp": 15,
        "fn": 1,
        "precision": 0.21052631578947367,
        "recall": 0.8,
        "f1": 0.3333333333333333,
        "l3_classification_acc": 0.75,
        "l3_classified_of": 4
      },
      "Relevance": {
        "tp": 3,
        "fp": 4,
        "fn": 2,
        "precision": 0.42857142857142855,
        "recall": 0.6,
        "f1": 0.5,
        "l3_classification_acc": 0.6666666666666666,
        "l3_classified_of": 3
      },
      "Communication Skills": {
        "tp": 5,
        "fp": 19,
        "fn": 2,
        "precision": 0.20833333333333334,
        "recall": 0.7142857142857143,
        "f1": 0.3225806451612903,
        "l3_classification_acc": 0.6,
        "l3_classified_of": 5
      },
      "Responsiveness": {
        "tp": 3,
        "fp": 1,
        "fn": 3,
        "precision": 0.75,
        "recall": 0.5,
        "f1": 0.6,
        "l3_classification_acc": 1.0,
        "l3_classified_of": 3
      }
    },
    "overall": {
      "tp": 18,
      "fp": 41,
      "fn": 19,
      "precision": 0.3050847457627119,
      "recall": 0.4864864864864865,
      "f1": 0.37500000000000006,
      "l3_classification_acc": 0.7222222222222222,
      "l3_classified_of": 18
    }
  },
  "critical_only": {
    "n_cases": 23,
    "per_dim": {
      "Accuracy": {
        "tp": 3,
        "fp": 1,
        "fn": 11,
        "precision": 0.75,
        "recall": 0.21428571428571427,
        "f1": 0.3333333333333333,
        "l3_classification_acc": 0.6666666666666666,
        "l3_classified_of": 3
      },
      "Completeness": {
        "tp": 4,
        "fp": 7,
        "fn": 1,
        "precision": 0.36363636363636365,
        "recall": 0.8,
        "f1": 0.5000000000000001,
        "l3_classification_acc": 0.75,
        "l3_classified_of": 4
      },
      "Relevance": {
        "tp": 3,
        "fp": 3,
        "fn": 2,
        "precision": 0.5,
        "recall": 0.6,
        "f1": 0.5454545454545454,
        "l3_classification_acc": 0.6666666666666666,
        "l3_classified_of": 3
      },
      "Communication Skills": {
        "tp": 1,
        "fp": 17,
        "fn": 0,
        "precision": 0.05555555555555555,
        "recall": 1.0,
        "f1": 0.10526315789473684,
        "l3_classification_acc": 1.0,
        "l3_classified_of": 1
      },
      "Responsiveness": {
        "tp": 0,
        "fp": 1,
        "fn": 0,
        "precision": 0.0,
        "recall": NaN,
        "f1": NaN,
        "l3_classification_acc": NaN,
        "l3_classified_of": 0
      }
    },
    "overall": {
      "tp": 11,
      "fp": 29,
      "fn": 14,
      "precision": 0.275,
      "recall": 0.44,
      "f1": 0.3384615384615385,
      "l3_classification_acc": 0.7272727272727273,
      "l3_classified_of": 11
    }
  }
}